{
  "project_id": 3,
  "count": 1,
  "matrix": {
    "1": {
      "1": 0,
      "2": 0,
      "3": 0,
      "4": 0,
      "5": 0
    },
    "2": {
      "1": 0,
      "2": 0,
      "3": 0,
      "4": 0,
      "5": 0
    },
    "3": {
      "1": 0,
      "2": 0,
      "3": 1,
      "4": 0,
      "5": 0
    },
    "4": {
      "1": 0,
      "2": 0,
      "3": 0,
      "4": 0,
      "5": 0
    },
    "5": {
      "1": 0,
      "2": 0,
      "3": 0,
      "4": 0,
      "5": 0
    }
  }
}