{
  "project_id": 3,
  "start": "2025-08-18",
  "items": [
    {
      "deliverable_id": 5,
      "deliverable": "Chatbot MVP",
      "task_id": 9,
      "task": "Design intents",
      "start": "2025-08-18",
      "end": "2025-08-21",
      "duration_days": 3
    },
    {
      "deliverable_id": 5,
      "deliverable": "Chatbot MVP",
      "task_id": 10,
      "task": "Implement flows",
      "start": "2025-08-21",
      "end": "2025-08-26",
      "duration_days": 5
    },
    {
      "deliverable_id": 6,
      "deliverable": "Auto-routing",
      "task_id": 11,
      "task": "Baseline metrics",
      "start": "2025-08-18",
      "end": "2025-08-20",
      "duration_days": 2
    },
    {
      "deliverable_id": 6,
      "deliverable": "Auto-routing",
      "task_id": 12,
      "task": "Integrate ticket system",
      "start": "2025-08-20",
      "end": "2025-08-24",
      "duration_days": 4
    }
  ]
}