{
  "project_id": 2,
  "start": "2025-08-18",
  "items": [
    {
      "deliverable_id": 3,
      "deliverable": "Chatbot MVP",
      "task_id": 5,
      "task": "Design intents",
      "start": "2025-08-18",
      "end": "2025-08-22",
      "duration_days": 4
    },
    {
      "deliverable_id": 3,
      "deliverable": "Chatbot MVP",
      "task_id": 6,
      "task": "Implement flows",
      "start": "2025-08-22",
      "end": "2025-08-26",
      "duration_days": 4
    },
    {
      "deliverable_id": 4,
      "deliverable": "Auto-routing",
      "task_id": 7,
      "task": "Baseline metrics",
      "start": "2025-08-18",
      "end": "2025-08-20",
      "duration_days": 2
    },
    {
      "deliverable_id": 4,
      "deliverable": "Auto-routing",
      "task_id": 8,
      "task": "Integrate ticket system",
      "start": "2025-08-20",
      "end": "2025-08-24",
      "duration_days": 4
    }
  ]
}