{
  "project_id": 3,
  "columns": {
    "todo": [
      {
        "task_id": 9,
        "task": "Design intents",
        "deliverable": "Chatbot MVP",
        "est_days": 3,
        "status": "todo",
        "done": false
      },
      {
        "task_id": 10,
        "task": "Implement flows",
        "deliverable": "Chatbot MVP",
        "est_days": 5,
        "status": "todo",
        "done": false
      },
      {
        "task_id": 11,
        "task": "Baseline metrics",
        "deliverable": "Auto-routing",
        "est_days": 2,
        "status": "todo",
        "done": false
      },
      {
        "task_id": 12,
        "task": "Integrate ticket system",
        "deliverable": "Auto-routing",
        "est_days": 4,
        "status": "todo",
        "done": false
      }
    ],
    "inprogress": [],
    "done": []
  },
  "count": 4
}