{
  "project_id": 2,
  "start": "2025-08-18",
  "sprint_days": 14,
  "labels": [
    "2025-08-18",
    "2025-08-19",
    "2025-08-20",
    "2025-08-21",
    "2025-08-22",
    "2025-08-23",
    "2025-08-24",
    "2025-08-25",
    "2025-08-26",
    "2025-08-27",
    "2025-08-28",
    "2025-08-29",
    "2025-08-30",
    "2025-08-31",
    "2025-09-01"
  ],
  "ideal": [
    14.0,
    13.0,
    12.0,
    11.0,
    10.0,
    9.0,
    8.0,
    7.0,
    6.0,
    5.0,
    4.0,
    3.0,
    2.0,
    1.0,
    0.0
  ],
  "actual": [
    6,
    6,
    6,
    6,
    6,
    6,
    6,
    6,
    6,
    6,
    6,
    6,
    6,
    6,
    6
  ],
  "total_points": 14
}